m0,126.638928,37.387465,126.638788,126.639068,37.387325,37.387605
m1,126.638895,37.387546,126.638755,126.639035,37.387406,37.387686
m2,126.638861,37.3876,126.638721,126.639001,37.38746,37.38774
m3,126.638827,37.387654,126.638687,126.638967,37.387514,37.387794
m4,126.638793,37.387734,126.638653,126.638933,37.387594,37.387874
m5,126.638759,37.387788,126.638619,126.638899,37.387648,37.387928
m6,126.638725,37.387842,126.638585,126.638865,37.387702,37.387982
m7,126.638691,37.387896,126.638551,126.638831,37.387756,37.388036
m8,126.638691,37.38795,126.638551,126.638831,37.38781,37.38809
m9,126.638691,37.387977,126.638551,126.638831,37.387837,37.388117
m10,126.638691,37.388031,126.638551,126.638831,37.387891,37.388171
m11,126.638725,37.388058,126.638585,126.638865,37.387918,37.388198
m12,126.638759,37.388085,126.638619,126.638899,37.387945,37.388225
m13,126.638793,37.388112,126.638653,126.638933,37.387972,37.388252
m14,126.638861,37.388166,126.638721,126.639001,37.388026,37.388306
m15,126.638895,37.388193,126.638755,126.639035,37.388053,37.388333
m16,126.638928,37.38822,126.638788,126.639068,37.38808,37.38836
m17,126.638996,37.388274,126.638856,126.639136,37.388134,37.388414
m18,126.63903,37.3883,126.63889,126.63917,37.38816,37.38844
m19,126.639064,37.388354,126.638924,126.639204,37.388214,37.388494
m20,126.639132,37.388354,126.638992,126.639272,37.388214,37.388494
m21,126.639166,37.388354,126.639026,126.639306,37.388214,37.388494
m22,126.6392,37.388327,126.63906,126.63934,37.388187,37.388467
m23,126.639234,37.388327,126.639094,126.639374,37.388187,37.388467
m24,126.639234,37.3883,126.639094,126.639374,37.38816,37.38844
m25,126.639234,37.388274,126.639094,126.639374,37.388134,37.388414
m26,126.6392,37.388247,126.63906,126.63934,37.388107,37.388387
m27,126.6392,37.38822,126.63906,126.63934,37.38808,37.38836
m28,126.639166,37.388166,126.639026,126.639306,37.388026,37.388306
m29,126.639166,37.388139,126.639026,126.639306,37.387999,37.388279
m30,126.639132,37.388085,126.638992,126.639272,37.387945,37.388225
m31,126.639098,37.388058,126.638958,126.639238,37.387918,37.388198
m32,126.639064,37.388004,126.638924,126.639204,37.387864,37.388144
m33,126.639064,37.387977,126.638924,126.639204,37.387837,37.388117
m34,126.63903,37.387923,126.63889,126.63917,37.387783,37.388063
m35,126.63903,37.387896,126.63889,126.63917,37.387756,37.388036
m36,126.638996,37.387842,126.638856,126.639136,37.387702,37.387982
m37,126.638996,37.387815,126.638856,126.639136,37.387675,37.387955
m38,126.63903,37.387761,126.63889,126.63917,37.387621,37.387901
m39,126.63903,37.387734,126.63889,126.63917,37.387594,37.387874
m40,126.639064,37.387708,126.638924,126.639204,37.387568,37.387848
m41,126.639064,37.387654,126.638924,126.639204,37.387514,37.387794
m42,126.639098,37.387627,126.638958,126.639238,37.387487,37.387767
m43,126.639132,37.387573,126.638992,126.639272,37.387433,37.387713
m44,126.639166,37.387546,126.639026,126.639306,37.387406,37.387686
m45,126.639166,37.387519,126.639026,126.639306,37.387379,37.387659
m46,126.6392,37.387465,126.63906,126.63934,37.387325,37.387605
m47,126.639234,37.387438,126.639094,126.639374,37.387298,37.387578
m48,126.639268,37.387411,126.639128,126.639408,37.387271,37.387551
m49,126.639302,37.387411,126.639162,126.639442,37.387271,37.387551
m50,126.639336,37.387411,126.639196,126.639476,37.387271,37.387551
m51,126.63937,37.387411,126.63923,126.63951,37.387271,37.387551
m52,126.639404,37.387411,126.639264,126.639544,37.387271,37.387551
m53,126.639437,37.387438,126.639297,126.639577,37.387298,37.387578
m54,126.639607,37.387519,126.639467,126.639747,37.387379,37.387659
m55,126.639675,37.387573,126.639535,126.639815,37.387433,37.387713
m56,126.639675,37.3876,126.639535,126.639815,37.38746,37.38774
m57,126.639641,37.387708,126.639501,126.639781,37.387568,37.387848
m58,126.639573,37.387734,126.639433,126.639713,37.387594,37.387874
m59,126.639539,37.387761,126.639399,126.639679,37.387621,37.387901
m60,126.639505,37.387788,126.639365,126.639645,37.387648,37.387928
m61,126.639471,37.387815,126.639331,126.639611,37.387675,37.387955
m62,126.639437,37.387869,126.639297,126.639577,37.387729,37.388009
m63,126.639437,37.387923,126.639297,126.639577,37.387783,37.388063
m64,126.639404,37.38795,126.639264,126.639544,37.38781,37.38809
m65,126.639404,37.387977,126.639264,126.639544,37.387837,37.388117
m66,126.639404,37.388004,126.639264,126.639544,37.387864,37.388144
m67,126.639404,37.388031,126.639264,126.639544,37.387891,37.388171
m68,126.639404,37.388058,126.639264,126.639544,37.387918,37.388198
m69,126.639675,37.387708,126.639535,126.639815,37.387568,37.387848
m70,126.639709,37.387708,126.639569,126.639849,37.387568,37.387848
m71,126.639912,37.387923,126.639772,126.640052,37.387783,37.388063
m72,126.639709,37.388085,126.639569,126.639849,37.387945,37.388225
m73,126.639573,37.388193,126.639433,126.639713,37.388053,37.388333
m74,126.639539,37.38822,126.639399,126.639679,37.38808,37.38836
m75,126.639505,37.388274,126.639365,126.639645,37.388134,37.388414
m76,126.639539,37.3883,126.639399,126.639679,37.38816,37.38844
m77,126.640048,37.388651,126.639908,126.640188,37.388511,37.388791
m78,126.640286,37.388462,126.640146,126.640426,37.388322,37.388602
m79,126.64032,37.388435,126.64018,126.64046,37.388295,37.388575
m80,126.640252,37.388489,126.640112,126.640392,37.388349,37.388629
m81,126.640218,37.388516,126.640078,126.640358,37.388376,37.388656
m82,126.640184,37.388543,126.640044,126.640324,37.388403,37.388683
m83,126.64015,37.38857,126.64001,126.64029,37.38843,37.38871
m84,126.640082,37.388624,126.639942,126.640222,37.388484,37.388764
m85,126.639946,37.388624,126.639806,126.640086,37.388484,37.388764
m86,126.639845,37.388543,126.639705,126.639985,37.388403,37.388683
m87,126.639777,37.388408,126.639637,126.639917,37.388268,37.388548
m88,126.639946,37.388274,126.639806,126.640086,37.388134,37.388414
m89,126.63998,37.388247,126.63984,126.64012,37.388107,37.388387
m90,126.640014,37.38822,126.639874,126.640154,37.38808,37.38836
m91,126.640048,37.388193,126.639908,126.640188,37.388053,37.388333
m92,126.640048,37.388166,126.639908,126.640188,37.388026,37.388306
m93,126.640014,37.388112,126.639874,126.640154,37.387972,37.388252
m94,126.640014,37.388085,126.639874,126.640154,37.387945,37.388225
m95,126.640048,37.388031,126.639908,126.640188,37.387891,37.388171
m96,126.640082,37.38795,126.639942,126.640222,37.38781,37.38809
m97,126.640048,37.387923,126.639908,126.640188,37.387783,37.388063
m98,126.63998,37.387869,126.63984,126.64012,37.387729,37.388009
m99,126.639946,37.387896,126.639806,126.640086,37.387756,37.388036
m100,126.639879,37.38795,126.639739,126.640019,37.38781,37.38809
m101,126.639845,37.388354,126.639705,126.639985,37.388214,37.388494
m102,126.639879,37.388327,126.639739,126.640019,37.388187,37.388467
m103,126.639912,37.3883,126.639772,126.640052,37.38816,37.38844
m104,126.640014,37.388058,126.639874,126.640154,37.387918,37.388198
m105,126.640625,37.388543,126.640485,126.640765,37.388403,37.388683
m106,126.640591,37.388597,126.640451,126.640731,37.388457,37.388737
m107,126.640557,37.388624,126.640417,126.640697,37.388484,37.388764
m108,126.639471,37.388247,126.639331,126.639611,37.388107,37.388387
m109,126.639437,37.38822,126.639297,126.639577,37.38808,37.38836
m110,126.639404,37.388193,126.639264,126.639544,37.388053,37.388333
m111,126.639404,37.388166,126.639264,126.639544,37.388026,37.388306
m112,126.63937,37.388139,126.63923,126.63951,37.387999,37.388279
m113,126.63937,37.388112,126.63923,126.63951,37.387972,37.388252
m114,126.63937,37.388085,126.63923,126.63951,37.387945,37.388225
m115,126.639573,37.388327,126.639433,126.639713,37.388187,37.388467
m116,126.639607,37.388354,126.639467,126.639747,37.388214,37.388494
m117,126.639641,37.388381,126.639501,126.639781,37.388241,37.388521
m118,126.639437,37.387896,126.639297,126.639577,37.387756,37.388036
m119,126.639437,37.387842,126.639297,126.639577,37.387702,37.387982
m120,126.639743,37.387708,126.639603,126.639883,37.387568,37.387848
m121,126.639777,37.387708,126.639637,126.639917,37.387568,37.387848
m122,126.639539,37.387465,126.639399,126.639679,37.387325,37.387605
m123,126.638996,37.387869,126.638856,126.639136,37.387729,37.388009
m124,126.63903,37.38795,126.63889,126.63917,37.38781,37.38809
m125,126.639064,37.388031,126.638924,126.639204,37.387891,37.388171
m126,126.639132,37.388112,126.638992,126.639272,37.387972,37.388252
m127,126.639166,37.388193,126.639026,126.639306,37.388053,37.388333
m128,126.639098,37.388354,126.638958,126.639238,37.388214,37.388494
m129,126.63903,37.388327,126.63889,126.63917,37.388187,37.388467
m130,126.638962,37.388247,126.638822,126.639102,37.388107,37.388387
m131,126.638827,37.388139,126.638687,126.638967,37.387999,37.388279
m132,126.638691,37.388004,126.638551,126.638831,37.387864,37.388144
m133,126.638691,37.387923,126.638551,126.638831,37.387783,37.388063
m134,126.638725,37.387869,126.638585,126.638865,37.387729,37.388009
m135,126.638759,37.387815,126.638619,126.638899,37.387675,37.387955
m136,126.638793,37.387761,126.638653,126.638933,37.387621,37.387901
m137,126.638827,37.387708,126.638687,126.638967,37.387568,37.387848
m138,126.638827,37.387681,126.638687,126.638967,37.387541,37.387821
m139,126.638861,37.387627,126.638721,126.639001,37.387487,37.387767
m140,126.638895,37.387573,126.638755,126.639035,37.387433,37.387713
m141,126.638928,37.387519,126.638788,126.639068,37.387379,37.387659
m142,126.638928,37.387492,126.638788,126.639068,37.387352,37.387632
m143,126.639879,37.38857,126.639739,126.640019,37.38843,37.38871
m144,126.639912,37.388597,126.639772,126.640052,37.388457,37.388737
m145,126.63998,37.388651,126.63984,126.64012,37.388511,37.388791
m146,126.640116,37.388597,126.639976,126.640256,37.388457,37.388737
m147,126.640014,37.388678,126.639874,126.640154,37.388538,37.388818
m148,126.640252,37.388327,126.640112,126.640392,37.388187,37.388467
m149,126.640286,37.388354,126.640146,126.640426,37.388214,37.388494
m150,126.64032,37.388381,126.64018,126.64046,37.388241,37.388521
m151,126.64032,37.388408,126.64018,126.64046,37.388268,37.388548
m152,126.640014,37.387896,126.639874,126.640154,37.387756,37.388036
m153,126.640354,37.388193,126.640214,126.640494,37.388053,37.388333
m154,126.640421,37.388274,126.640281,126.640561,37.388134,37.388414
m155,126.640455,37.3883,126.640315,126.640595,37.38816,37.38844
m156,126.640489,37.388327,126.640349,126.640629,37.388187,37.388467
m157,126.640523,37.388354,126.640383,126.640663,37.388214,37.388494
m158,126.640557,37.388381,126.640417,126.640697,37.388241,37.388521
m159,126.640591,37.388408,126.640451,126.640731,37.388268,37.388548
m160,126.640625,37.388435,126.640485,126.640765,37.388295,37.388575
m161,126.640625,37.388516,126.640485,126.640765,37.388376,37.388656
m162,126.640625,37.388489,126.640485,126.640765,37.388349,37.388629
m163,126.640625,37.388462,126.640485,126.640765,37.388322,37.388602
m164,126.639607,37.387708,126.639467,126.639747,37.387568,37.387848
m165,126.639709,37.387681,126.639569,126.639849,37.387541,37.387821
m166,126.639743,37.388058,126.639603,126.639883,37.387918,37.388198
m167,126.640286,37.388139,126.640146,126.640426,37.387999,37.388279
m168,126.64032,37.388166,126.64018,126.64046,37.388026,37.388306
m169,126.640014,37.388139,126.639874,126.640154,37.387999,37.388279
m170,126.639811,37.388381,126.639671,126.639951,37.388241,37.388521
m171,126.640218,37.388354,126.640078,126.640358,37.388214,37.388494
m172,126.639743,37.388435,126.639603,126.639883,37.388295,37.388575
m173,126.639675,37.388112,126.639535,126.639815,37.387972,37.388252
m174,126.639641,37.388139,126.639501,126.639781,37.387999,37.388279
m175,126.639607,37.388166,126.639467,126.639747,37.388026,37.388306
m176,126.639505,37.388247,126.639365,126.639645,37.388107,37.388387
m177,126.640082,37.388462,126.639942,126.640222,37.388322,37.388602
m178,126.640048,37.388489,126.639908,126.640188,37.388349,37.388629
m179,126.640014,37.388516,126.639874,126.640154,37.388376,37.388656
m180,126.63998,37.388543,126.63984,126.64012,37.388403,37.388683
m181,126.639946,37.38857,126.639806,126.640086,37.38843,37.38871
m182,126.639234,37.387465,126.639094,126.639374,37.387325,37.387605
m183,126.6392,37.387492,126.63906,126.63934,37.387352,37.387632
m184,126.639132,37.3876,126.638992,126.639272,37.38746,37.38774
m185,126.639098,37.387654,126.638958,126.639238,37.387514,37.387794
m186,126.639064,37.387681,126.638924,126.639204,37.387541,37.387821
m187,126.63903,37.387788,126.63889,126.63917,37.387648,37.387928
m188,126.639505,37.387438,126.639365,126.639645,37.387298,37.387578
m189,126.639471,37.387438,126.639331,126.639611,37.387298,37.387578
m190,126.639573,37.387492,126.639433,126.639713,37.387352,37.387632
m191,126.639641,37.387546,126.639501,126.639781,37.387406,37.387686
m192,126.639709,37.387627,126.639569,126.639849,37.387487,37.387767
m193,126.639743,37.387654,126.639603,126.639883,37.387514,37.387794
m194,126.639946,37.387842,126.639806,126.640086,37.387702,37.387982
m195,126.639912,37.387815,126.639772,126.640052,37.387675,37.387955
m196,126.639879,37.387788,126.639739,126.640019,37.387648,37.387928
m197,126.639845,37.387761,126.639705,126.639985,37.387621,37.387901
m198,126.639811,37.387734,126.639671,126.639951,37.387594,37.387874
m199,126.639845,37.387977,126.639705,126.639985,37.387837,37.388117
m200,126.639811,37.388004,126.639671,126.639951,37.387864,37.388144
m201,126.639777,37.388031,126.639637,126.639917,37.387891,37.388171
m202,126.640489,37.388678,126.640349,126.640629,37.388538,37.388818
m203,126.640523,37.388651,126.640383,126.640663,37.388511,37.388791
m204,126.640591,37.38857,126.640451,126.640731,37.38843,37.38871
m205,126.640252,37.388112,126.640112,126.640392,37.387972,37.388252
m206,126.640218,37.388085,126.640078,126.640358,37.387945,37.388225
m207,126.640184,37.388058,126.640044,126.640324,37.387918,37.388198
m208,126.640184,37.388031,126.640044,126.640324,37.387891,37.388171
m209,126.64015,37.388004,126.64001,126.64029,37.387864,37.388144
m210,126.640116,37.387977,126.639976,126.640256,37.387837,37.388117
m211,126.640116,37.388031,126.639976,126.640256,37.387891,37.388171
m212,126.640082,37.388031,126.639942,126.640222,37.387891,37.388171
m213,126.640354,37.38822,126.640214,126.640494,37.38808,37.38836
m214,126.640387,37.388247,126.640247,126.640527,37.388107,37.388387
m215,126.640082,37.388193,126.639942,126.640222,37.388053,37.388333
m216,126.640116,37.38822,126.639976,126.640256,37.38808,37.38836
m217,126.64015,37.388247,126.64001,126.64029,37.388107,37.388387
m218,126.640184,37.388274,126.640044,126.640324,37.388134,37.388414
m219,126.640218,37.3883,126.640078,126.640358,37.38816,37.38844
m220,126.640184,37.388381,126.640044,126.640324,37.388241,37.388521
m221,126.64015,37.388408,126.64001,126.64029,37.388268,37.388548
m222,126.640116,37.388435,126.639976,126.640256,37.388295,37.388575
m223,126.639675,37.388408,126.639535,126.639815,37.388268,37.388548
m224,126.639709,37.388435,126.639569,126.639849,37.388295,37.388575
m225,126.639743,37.388462,126.639603,126.639883,37.388322,37.388602
m226,126.639811,37.388516,126.639671,126.639951,37.388376,37.388656
m227,126.639777,37.388489,126.639637,126.639917,37.388349,37.388629
